"student_id","last_name","first_name","email","birth_date","hometown","math_score","literature_score","english_score"
"SV0001","Huynh","Tuan","tuan.huynh1@example.com","","Can Tho","0.46","","9.15"
"SV0002","Huynh","","nam.huynh2@example.com","2002-04-11","Bac Ninh","","5.66","4.2"
"SV0003","","Minh","","2004-06-01","Bac Ninh","0.52","7.88","0.91"
"SV0004","Huynh","Nam","nam.huynh4@example.com","2004-09-16","Thanh Hoa","2.71","3.93","9.74"
"SV0005","Bui","Linh","","2004-03-25","Hue","0.03","9.73","0.2"
"SV0006","Huynh","Yen","","","Ha Noi","8.5","","0.96"
"SV0007","Nguyen","","chi.nguyen7@example.com","2002-10-26","","4.62","8.87","3.35"
"SV0008","Pham","Hanh","hanh.pham8@example.com","2003-03-08","Hue","0.91","4.3","5.99"
"SV0009","Do","Phuong","phuong.do9@example.com","2005-08-04","","8.57","2.33","3.86"
"SV0010","Vu","","","2006-11-23","Thanh Hoa","","0.38","0.76"
"SV0011","Bui","Yen","yen.bui11@example.com","2002-12-21","TP Ho Chi Minh","4.75","","2.98"
"SV0012","","","quang.tran12@example.com","2005-09-20","","5.5","9.61","4.08"
"SV0013","Tran","Yen","yen.tran13@example.com","","Hue","3.84","0.07","1.37"
"SV0014","Do","","","2002-11-11","","9.08","5.36",""
"SV0015","","Hanh","hanh.nguyen15@example.com","2001-04-09","Hai Phong","4.3","8.46",""
"SV0016","Bui","Khanh","khanh.bui16@example.com","2004-11-14","Thanh Hoa","4.34","5.61",""
"SV0017","Dang","Quang","","","Dong Nai","5.43","","6.73"
"SV0018","Hoang","Yen","yen.hoang18@example.com","","Quang Ninh","5.77","8.33","6.67"
"SV0019","Phan","An","an.phan19@example.com","2005-02-17","TP Ho Chi Minh","5.75","3.56","0.4"
"SV0020","Nguyen","Linh","linh.nguyen20@example.com","2004-01-13","","0.65","2.01","4.83"
"SV0021","Do","Yen","yen.do21@example.com","2006-07-24","","0.72","5.41","5.37"
"SV0022","Vu","Hanh","hanh.vu22@example.com","2001-08-03","Dong Nai","8.7","2.59","0.93"
"SV0023","Hoang","","khanh.hoang23@example.com","","","5.49","","3.04"
"SV0024","Phan","Trang","trang.phan24@example.com","2006-10-25","Binh Duong","7.97","5.47","9.33"
"SV0025","Do","","linh.do25@example.com","2001-11-02","Nghe An","7.09","2.24","8.2"
"SV0026","Hoang","Nam","","2003-07-06","","3.47","","3.44"
"SV0027","Vu","Nam","nam.vu27@example.com","2004-05-14","Nghe An","0.01","4.56","5.17"
"SV0028","","Khanh","khanh.do28@example.com","2006-05-11","","8.38","","2.03"
"SV0029","Nguyen","Binh","","2006-08-25","Can Tho","2.01","6.28","7.23"
"SV0030","Vo","Hanh","hanh.vo30@example.com","2004-08-27","Da Nang","5.51","3.15","9.76"
"SV0031","Do","Linh","","2004-09-19","Hue","5.82","","2.99"
"SV0032","Bui","","","2005-09-16","TP Ho Chi Minh","1.52","8.38","5.28"
"SV0033","Le","","","2001-03-01","Ha Noi","3.76","","4.15"
"SV0034","Bui","Phuong","phuong.bui34@example.com","2005-07-18","Nghe An","3.37","4.78","5.11"
"SV0035","","Hanh","hanh.vu35@example.com","2001-01-02","Binh Duong","2.17","2.5","8.17"
"SV0036","","An","an.pham36@example.com","2001-11-26","Bac Ninh","6.85","3.13","3.09"
"SV0037","Vo","Phuong","phuong.vo37@example.com","2003-05-23","Bac Ninh","3.63","1.36","5.2"
"SV0038","Le","Linh","linh.le38@example.com","2005-08-22","Thanh Hoa","","0.21","3.59"
"SV0039","Bui","Yen","yen.bui39@example.com","2004-10-14","Thanh Hoa","0.62","5.19","3.55"
"SV0040","","Giang","giang.tran40@example.com","2006-02-20","Dong Nai","5.05","8.87","0.72"
"SV0041","Huynh","Vy","vy.huynh41@example.com","2004-10-02","Quang Ninh","5.26","","9.55"
"SV0042","","Tuan","","2005-02-07","","1.76","9.5","0.53"
"SV0043","Do","Tuan","tuan.do43@example.com","2004-12-16","","2.26","2.85","2.5"
"SV0044","Dang","","chi.dang44@example.com","2002-05-24","Da Nang","1.64","8.68","2.87"
"SV0045","","Giang","giang.phan45@example.com","2002-12-05","Quang Ninh","","5.11","5.47"
"SV0046","Do","An","an.do46@example.com","2005-10-19","TP Ho Chi Minh","","6.32","2.92"
"SV0047","Vo","Yen","","2005-01-02","Hai Phong","0.31","6.12","6.96"
"SV0048","Vo","Dung","dung.vo48@example.com","","Hue","9.84","7.95","5.63"
"SV0049","Hoang","An","an.hoang49@example.com","2005-10-14","Hue","7.03","3.58",""
"SV0050","Hoang","Nam","nam.hoang50@example.com","2003-06-06","Bac Ninh","6.13","","6.26"
"SV0051","Huynh","Linh","","2004-07-28","","6.74","8.88",""
"SV0052","Dang","Tuan","tuan.dang52@example.com","2004-07-12","Nghe An","","9.68","5.96"
"SV0053","","Binh","binh.do53@example.com","2005-03-12","Bac Ninh","6.69","6.18","5.69"
"SV0054","Tran","","","2005-07-07","Da Nang","2.04","",""
"SV0055","Tran","","nam.tran55@example.com","","","1.39","8.87","9.14"
"SV0056","Phan","Linh","linh.phan56@example.com","","Ha Noi","6.22","","7.12"
"SV0057","Pham","Hanh","hanh.pham57@example.com","2001-07-02","TP Ho Chi Minh","","8.48","1.18"
"SV0058","Phan","Minh","","2006-09-21","","2.69","","9.71"
"SV0059","Do","Tuan","tuan.do59@example.com","2006-08-22","Quang Ninh","6.06","2.24","9.5"
"SV0060","Pham","","khanh.pham60@example.com","2001-03-13","Dong Nai","","1.61","8.39"
"SV0061","Huynh","Binh","binh.huynh61@example.com","","Hai Phong","2.64","4.54","1.88"
"SV0062","Phan","Yen","yen.phan62@example.com","","Thanh Hoa","3.3","7.67","0.8"
"SV0063","Tran","Nam","nam.tran63@example.com","2003-11-11","","8.77","9.83","8.95"
"SV0064","Dang","Chi","","","Thanh Hoa","","0.08",""
"SV0065","Phan","","","2005-11-02","Hai Phong","7.64","5.94","3.07"
"SV0066","Vo","","khanh.vo66@example.com","2003-08-18","Hai Phong","0.23","6.33","0.87"
"SV0067","Nguyen","Quang","quang.nguyen67@example.com","","Hue","1.07","4.98","2.3"
"SV0068","Hoang","Quang","quang.hoang68@example.com","","Binh Duong","1.32","3.49",""
"SV0069","Vo","Quang","quang.vo69@example.com","","","8.55","4.01","1.34"
"SV0070","Dang","Yen","yen.dang70@example.com","2006-08-18","TP Ho Chi Minh","9.49","9.35","1.5"
"SV0071","Huynh","Chi","","2004-02-02","Nghe An","9.47","6.17",""
"SV0072","Nguyen","","","2002-05-13","Ha Noi","0.07","5.89","2.02"
"SV0073","Vo","","an.vo73@example.com","2002-03-01","Bac Ninh","","3.67","9.67"
"SV0074","Vu","Tuan","tuan.vu74@example.com","","","6.13","5.75","5.85"
"SV0075","Vu","Dung","dung.vu75@example.com","2006-05-25","Ha Noi","0.59","5.11","2.83"
"SV0076","Hoang","Nam","nam.hoang76@example.com","2003-07-06","Ha Noi","4.61","9.95","4.52"
"SV0077","Tran","Chi","chi.tran77@example.com","2003-07-21","Bac Ninh","4.41","6.5","3.3"
"SV0078","Phan","Yen","","","Da Nang","8.78","","5.15"
"SV0079","Vu","Binh","binh.vu79@example.com","2003-11-20","","4.79","0.43","9.84"
"SV0080","Tran","","dung.tran80@example.com","2001-01-11","Bac Ninh","7.93","8.94","6.59"
"SV0081","Bui","Quang","quang.bui81@example.com","2002-10-18","","2.59","1.47",""
"SV0082","Tran","Quang","quang.tran82@example.com","2005-06-13","","4.23","7.59","4.02"
"SV0083","Dang","Khanh","","2002-09-06","Thanh Hoa","6.16","6.31","4.8"
"SV0084","Vu","An","","2001-11-06","Hue","4.57","0.81","0.92"
"SV0085","Huynh","Linh","linh.huynh85@example.com","2005-05-27","Da Nang","1.22","4.36","9.43"
"SV0086","Tran","Quang","","2001-06-18","Bac Ninh","7.13","8.5","5.24"
"SV0087","Tran","Chi","chi.tran87@example.com","2004-02-20","Bac Ninh","","4.69","2.1"
"SV0088","Phan","Minh","minh.phan88@example.com","2003-10-17","Bac Ninh","7.08","0.68","7.72"
"SV0089","Vu","Chi","","2002-02-24","Nghe An","7.98","2.8",""
"SV0090","Vo","Dung","dung.vo90@example.com","2005-06-04","Dong Nai","6.98","3.2","3.91"
"SV0091","","Hanh","hanh.pham91@example.com","2002-02-03","","9.01","6.35","9.05"
"SV0092","Nguyen","Khanh","khanh.nguyen92@example.com","2003-01-18","Quang Ninh","7.32","4.04","5.94"
"SV0093","Huynh","","tuan.huynh93@example.com","2006-12-17","Thanh Hoa","8.41","2.41",""
"SV0094","Dang","Nam","nam.dang94@example.com","2006-11-09","Quang Ninh","8.01","8.4","8.57"
"SV0095","Pham","Dung","","2005-04-27","Can Tho","5.54","2.59","5.36"
"SV0096","Do","An","an.do96@example.com","2003-05-08","","2.63","6.54","4.4"
"SV0097","","Quang","quang.phan97@example.com","2003-11-24","TP Ho Chi Minh","7.01","2.1","2.65"
"SV0098","Vo","Tuan","","2002-06-01","Nghe An","7.48","5.31",""
"SV0099","Tran","An","","2004-11-20","TP Ho Chi Minh","5.37","","8.43"
"SV0100","Nguyen","Yen","yen.nguyen100@example.com","","Dong Nai","2.75","5.56",""
